{
  "pytorch_cpu": {
    "avg_time_ms": 83.52571428571427,
    "fps": 11.97236094957926,
    "min_ms": 75.57,
    "max_ms": 104.44,
    "std_ms": 7.768502994497087,
    "speed_ratio": 6.184799280689691
  },
  "openvino_cpu": {
    "avg_time_ms": 32.76285714285714,
    "fps": 30.52236853579838,
    "min_ms": 30.12,
    "max_ms": 45.1,
    "std_ms": 3.7114541404595984,
    "speed_ratio": 2.4259797958428098
  },
  "tensorrt_gpu": {
    "avg_time_ms": 13.504999999999999,
    "fps": 74.04664938911515,
    "min_ms": 10.15,
    "max_ms": 21.58,
    "std_ms": 3.3258419986523706,
    "speed_ratio": 1.0
  }
}