{
  "1": {
    "pytorch_cpu": {
      "avg_time_ms": 33.76084736415318,
      "fps": 29.620109626211182,
      "min_ms": 28.727293014526367,
      "max_ms": 45.06874084472656,
      "std_ms": 3.72984995932862
    },
    "openvino_cpu": {
      "avg_time_ms": 25.845701353890554,
      "fps": 38.691153561962444,
      "min_ms": -37.51397132873535,
      "max_ms": 35.477399826049805,
      "std_ms": 8.044255354292124
    }
  },
  "2": {
    "pytorch_cpu": {
      "avg_time_ms": 69.27824701581683,
      "fps": 28.869090748548857,
      "min_ms": 55.597782135009766,
      "max_ms": 113.73615264892578,
      "std_ms": 12.558429209611301
    },
    "openvino_cpu": {
      "avg_time_ms": 51.66542870657785,
      "fps": 38.71060494549555,
      "min_ms": 46.95630073547363,
      "max_ms": 59.59320068359375,
      "std_ms": 3.2830354963473174
    }
  },
  "4": {
    "pytorch_cpu": {
      "avg_time_ms": 133.36578607559204,
      "fps": 29.992699909801384,
      "min_ms": 116.28365516662598,
      "max_ms": 172.15919494628906,
      "std_ms": 11.213665486657003
    },
    "openvino_cpu": {
      "avg_time_ms": 105.68498373031616,
      "fps": 37.84832867275717,
      "min_ms": 97.15986251831055,
      "max_ms": 117.46883392333984,
      "std_ms": 5.280290815124285
    }
  },
  "8": {
    "pytorch_cpu": {
      "avg_time_ms": 282.2000026702881,
      "fps": 28.348688604893105,
      "min_ms": 262.9280090332031,
      "max_ms": 300.5063533782959,
      "std_ms": 12.996417512507469
    },
    "openvino_cpu": {
      "avg_time_ms": 236.85057163238525,
      "fps": 33.77657037035471,
      "min_ms": 223.55198860168457,
      "max_ms": 252.9616355895996,
      "std_ms": 8.806749802118263
    }
  }
}