{
  "system_info": {
    "pytorch_version": "1.13.1+cu117",
    "cuda_available": true,
    "tensorrt_available": true,
    "openvino_available": true
  },
  "benchmark_args": {
    "image": "test_images/800px-Cat03.jpg",
    "model": "yolov8n.pt",
    "threshold": 0.25,
    "output": "output",
    "mode": "tensorrt_gpu",
    "use_tensorrt": false,
    "tensorrt_model": "",
    "force_convert": false,
    "skip_convert": false,
    "benchmark": false,
    "benchmark_runs": 10,
    "compare_all": false,
    "check_tensorrt": false,
    "save_summary": true,
    "num_images": 5,
    "test_all": false,
    "results_dir": "test_results",
    "benchmark_dir": "benchmark_results",
    "precision": "FP32",
    "int8_model_dir": "./yolov8n_openvino_model_int8",
    "use_async": false,
    "benchmark_openvino_modes": false,
    "test_all_images_all_modes": false,
    "run_batch_benchmark": true,
    "batch_sizes": [
      1,
      2,
      4,
      8
    ]
  },
  "results": {
    "PyTorch_CPU": {
      "1": {
        "avg_batch_time_ms": 43.40214729309082,
        "avg_img_time_ms": 43.40214729309082,
        "fps": 23.040334692361863
      },
      "2": {
        "avg_batch_time_ms": 82.22728020045906,
        "avg_img_time_ms": 41.11364010022953,
        "fps": 24.322828082410954
      },
      "4": {
        "avg_batch_time_ms": 169.30590919218957,
        "avg_img_time_ms": 42.326477298047394,
        "fps": 23.625873539117606
      },
      "8": {
        "avg_batch_time_ms": 357.78831550851464,
        "avg_img_time_ms": 44.72353943856433,
        "fps": 22.359589883839053
      }
    },
    "TensorRT_GPU": {
      "1": {
        "avg_batch_time_ms": 8.729430823586881,
        "avg_img_time_ms": 8.729430823586881,
        "fps": 114.55500595731908
      },
      "2": {
        "avg_batch_time_ms": 8.744172472506762,
        "avg_img_time_ms": 4.372086236253381,
        "fps": 228.7237593138009
      },
      "4": {
        "avg_batch_time_ms": 10.610931110568345,
        "avg_img_time_ms": 2.652732777642086,
        "fps": 376.96974547465055
      },
      "8": {
        "avg_batch_time_ms": 15.831253584474325,
        "avg_img_time_ms": 1.9789066980592906,
        "fps": 505.3295342224561
      }
    },
    "OpenVINO_FP32_Sync": {
      "1": {
        "avg_batch_time_ms": 24.887645477429032,
        "avg_img_time_ms": 24.887645477429032,
        "fps": 40.18057878986241
      },
      "2": {
        "avg_batch_time_ms": 53.3922434784472,
        "avg_img_time_ms": 26.6961217392236,
        "fps": 37.45862450614832
      },
      "4": {
        "avg_batch_time_ms": 108.5172908147797,
        "avg_img_time_ms": 27.129322703694925,
        "fps": 36.86048527351563
      },
      "8": {
        "avg_batch_time_ms": 236.85291069559753,
        "avg_img_time_ms": 29.60661383694969,
        "fps": 33.77623680665496
      }
    },
    "OpenVINO_FP16_Sync": {
      "1": {
        "avg_batch_time_ms": 25.353801692835987,
        "avg_img_time_ms": 25.353801692835987,
        "fps": 39.441816738771834
      },
      "2": {
        "avg_batch_time_ms": 52.71011986769736,
        "avg_img_time_ms": 26.35505993384868,
        "fps": 37.94337795133096
      },
      "4": {
        "avg_batch_time_ms": 108.49423906765878,
        "avg_img_time_ms": 27.123559766914696,
        "fps": 36.86831701271746
      },
      "8": {
        "avg_batch_time_ms": 220.25505769997835,
        "avg_img_time_ms": 27.531882212497294,
        "fps": 36.3215268858763
      }
    },
    "OpenVINO_INT8_Sync": {
      "1": {
        "avg_batch_time_ms": 11.892741871997714,
        "avg_img_time_ms": 11.892741871997714,
        "fps": 84.08489907231312
      },
      "2": {
        "avg_batch_time_ms": 22.439831192605197,
        "avg_img_time_ms": 11.219915596302599,
        "fps": 89.12723018429293
      },
      "4": {
        "avg_batch_time_ms": 46.37606798205525,
        "avg_img_time_ms": 11.594016995513812,
        "fps": 86.25138296648521
      },
      "8": {
        "avg_batch_time_ms": 95.33242401666939,
        "avg_img_time_ms": 11.916553002083674,
        "fps": 83.91688433938444
      }
    }
  }
}